<?xml version="1.0" encoding="UTF-8" ?>
<odoo>
    <data>
        <record id="razorpay_payment_gateway" model="payment.provider">
            <field name="code">razorpayment</field>
            <field name="name">Razorpay Payment</field>
            <field name="image_128" type="base64"
                   file="payment_gateway/static/img/razorpay.png"/>
            <field name="redirect_form_view_id" ref="redirect_form"/>
            <field name="module_id" ref="base.module_payment_razorpay"/>
            <!-- https://razorpay.com/docs/payments/payment-methods/#supported-payment-methods -->
            <field name="payment_icon_ids"
                   eval="[(6, 0, [
                       ref('payment.payment_icon_cc_maestro'),
                       ref('payment.payment_icon_cc_mastercard'),
                       ref('payment.payment_icon_cc_rupay'),
                       ref('payment.payment_icon_cc_american_express'),
                       ref('payment.payment_icon_cc_visa')
                   ])]"/>
        </record>
    </data>
</odoo>